{"cameraMode":{"drawMode":0,"name":"Shaded","section":"Shading Mode"},"sceneLighting":true,"audioPlay":false,"sceneViewState":{"showFog":true,"showMaterialUpdate":false,"showSkybox":true,"showFlares":true,"showImageEffects":true,"showParticleSystems":true},"in2DMode":false,"pivot":{"x":-2.4666476249694826,"y":-0.03978199511766434,"z":-1.402909517288208},"rotation":{"x":-0.09470081329345703,"y":0.8066623210906982,"z":-0.13457722961902619,"w":-0.5676414370536804},"size":3.6073946952819826,"orthographic":false}